INSERT INTO Customers (Cus_Name, Password, National, Phone, Date_of_Birth, Gender, Address, Email, Profile_pic)
VALUES
('John Doe', '$2y$10$A4ZMlh3d8nO6CzHa/EiWLuHFIN3wK9H5hOLU.A0wR/4s932oEwtBu', 'US', 1234567890, '1990-05-15', 'Male', '123 Main St, Cityville, USA', 'john.doe@gmail.com', 'avtpics1.png'),
('Jane Smith', '$2y$10$A4ZMlh3d8nO1290Ha/EiWLuHFIN3wK9H5hOLU.A0wR/4s932oEwtBu', 'Canada', 9876543210, '1985-08-22', 'Female', '456 Oak St, Townsville, Canada', 'jane.smith@gmail.com', 'avtpics2.png'),
('Robert Johnson', '$2y$10$A4ZMlh3d8nO6CzHa/EIA98HFIN3wK9H5hOLU.A0wR/4s932oEwtBu', 'UK', 5551234567, '1982-11-10', 'Male', '789 Maple St, Boroughville, UK', 'robert.johnson@gmail.com', 'avtpics3.png'),
('Emily Davis', '$2y$10$A4ZMlh3d8nO6CzHa/EiWLuHFIN30192aOLU.A0wR/4s932oEwtBu', 'Australia', 1112223333, '1995-03-18', 'Female', '101 Pine St, Village town, Australia', 'emily.davis@gmail.com', 'avtpics4.png'),
('Michael Brown', '$2y$10$A9102S3d8nO6CzHa/EiWLuHFIN3wK9H5hOLU.A0wR/4s932oEwtBu', 'Germany', 9998887777, '1978-07-25', 'Male', '202 Cedar St, Hamletsville, Germany', 'michael.brown@gmail.com', 'avtpics5.png'),
('Sophia Lee', '$2y$10$A4ZMlh3d8nO6CzHa/EiWLuHF9201KSA9H5hOLU.A0wR/4s932oEwtBu', 'France', 3334445555, '1992-01-30', 'Female', '303 Birch St, Meadowville, France', 'sophia.lee@gmail.com', 'avtpics6.png'),
('William Wang', '$2y$10$A4ZMlh3d8nakwqoHa/EiWLuHFIN3wK9H5hOLU.A0wR/4s932oEwtBu', 'China', 6667778888, '1989-06-12', 'Male', '404 Elm St, Riverside, China', 'william.wang@gmail.com', 'avtpics7.png'),
('Olivia Kim', '$2y$10$AMAOSh3d8nO6CzHa/EiWLuHFIN3wK9H5hOLU.A0wR/4s932oEwtBu', 'Japan', 2223334444, '1980-09-08', 'Female', '505 Spruce St, Hilltop, Japan', 'olivia.kim@gmail.com', 'avtpics8.png'),
('Daniel Martinez','$2y$10$A4ZMlh3d8nO6CzHa/90WiWLuHFIN3wK9H5hOLU.A0wR/4s932oEwtBu', 'Mexico', 7778889999, '1998-04-05', 'Male', '606 Pine St, Lakeside, Mexico', 'daniel.martinez@gmail.com', 'avtpics9.png'),
('Ella Garcia', '$2y$10$A4ZMlOKLM8nO6CzHa/EiWLuHFIN3wK9H5hOLU.A0wR/4s932oEwtBu', 'Brazil', 4445556666, '1987-12-20', 'Female', '707 Cedar St, Mountainview, Brazil', 'ella.garcia@gmail.com', 'avtpics10.png'),
('Christopher Chen', '$2y$10$A4ZMlh3d8nO6CzHa/EiWLu10902wK9H5hOLU.A0wR/4s932oEwtBu', 'Singapore', 8889990000, '1993-02-14', 'Male', '808 Birch St, Summitville, Singapore', 'christopher.chen@gmail.com', 'avtpics11.png'),
('Ava Nguyen', '$2y$10$A4ZMlh3d8nO6CzHa/EiWLuHFIN3wK9H5hOLU.A0wR/109s32oEwtBu', 'Vietnam', 5556667777, '1984-10-28', 'Female', '909 Elm St, Lakeshore, Vietnam', 'ava.nguyen@gmail.com','avtpics12.png'),
('Mason Kim', '$2y$10$A4ZMlh3d8nO6CzHa/EiWLuHFIN3wK9H5hOLU.A0wR/4s932oEwasot', 'South Korea', 1110002222, '1991-05-03', 'Male', '1010 Spruce St, Lakeside, South Korea', 'mason.kim@gmail.com', 'avtpics13.png'),
('Grace Hernandez', '$2y$10$A4ZMlh3d8nO6CzHa/EiWLuTFIN3wMU85hOLU.A0wR/4s932oEwtBu', 'Spain', 9990001111, '1979-08-17', 'Female', '1111 Pine St, Hillside, Spain', 'grace.hernandez@gmail.com', 'avtpics14.png'),
('Ethan Brown', '$2y$10$A4ZMlh3d8nO6CzHa/EiWLuHFIN30KO98H5hOLU.A0wR/4s932oEwtBu', 'Italy', 6661112222, '1996-03-25', 'Male', '1212 Cedar St, Valleyview, Italy', 'ethan.brown@gmail.com', 'avtpics15.png'),
('Chloe Smith', '$2y$10$A4ZMlh3090MNO6CzHa/EiWLuHFIN3wK9H5hOLU.A0wR/4s932oEwtBu', 'Russia', 3334445555, '1983-11-11', 'Female', '1313 Birch St, Rivertown, Russia', 'chloe.smith@gmail.com', 'avtpics16.png'),
('Liam Johnson', '$2y$10$A4ZMlh3d8nO6CzHa/EiWLuHFIN3wK9H5hOLU.A0wR/4s932oEwtBu', 'India', 8889990000, '1986-07-07', 'Male', '1414 Elm St, Lakeside, India', 'liam.johnson@gmail.com', 'avtpics17.png'),
('Isabella Kim', '$2y$10$VuNc90My13xcH9trMJC4YuTO.jTGZknxB4rRBc32PGA2VWlfw10Fe', 'Argentina', 5556667777, '1994-01-01', 'Female', '1515 Spruce St, Lakeside, Argentina', 'isabella.kim@gmail.com', 'avtpics18.png'),
('Aiden Perez', '$2y$10$JOYZVUkIRotVPfUCHCwTGuh65EzmhEud2Yyofr/xs1VymZP8xTzqy', 'Peru', 1110002222, '1981-04-14', 'Male', '1616 Pine St, Hillside, Peru', 'aiden.perez@gmail.com', 'avtpics19.png'),
('Amelia Hernandez', '$2y$10$VuNc90My13xcH9trMJC4YuTO.jTGZknxB4rRBc32PGA2VWlfw10Fe', 'Colombia', 9990001111, '1997-09-29', 'Female', '1717 Cedar St, Valleyview, Colombia', 'amelia.hernandez@gmail.com', 'avtpics20.png'),
('Carter Brown', '$2y$10$JOYZVUkIRotVPfUCHCwTGuh65EzmhEud2Yyofr/xs1VymZP8xTzqy', 'Chile', 6661112222, '1988-06-23', 'Male', '1818 Birch St, Rivertown, Chile', 'carter.brown@gmail.com', 'avtpics21.png'),
('Avery Smith', '$2y$10$JOYZVUkIRotVPfUCHCwTGuh65EzmhEud2Yyofr/xs1VymZP8xTzqy', 'Ecuador', 3334445555, '1990-02-09', 'Female', '1919 Elm St, Lakeside, Ecuador', 'avery.smith@gmail.com', 'avtpics22.png'),
('Jackson Johnson', '$2y$10$A4ZMlh3d8nO6CzHa/EiWLuHFIN3MN459H5hOLU.A0wR/4s932oEwtBu', 'Panama', 8889990000, '1976-05-06', 'Male', '2020 Spruce St, Lakeside, Panama', 'jackson.johnson@gmail.com', 'avtpics23.png'),
('Evelyn Kim', '$2y$10$A4ZMlh3d8nO6CzHa/EiWLuHFIN3MN459H5hOLU.A0wR/4s932oEwtBu', 'Costa Rica', 5556667777, '1995-10-20', 'Female', '2121 Pine St, Hillside, Costa Rica', 'evelyn.kim@gmail.com', 'avtpics24.png'),
('Sebastian Perez', '$2y$10$ypa19siasQ2nSjz7y1brAPhOpYEb2Cvg1TEBCPjqJxIBxUSkczvt7pC', 'Uruguay', 1110002222, '1989-03-14', 'Male', '2222 Cedar St, Valleyview, Uruguay', 'sebastian.perez@gmail.com', 'avtpics25.png'),
('Aria Hernandez', '$2y$10$ypa19siasQ2nSjz7y1brAPhOpYEb2Cvg1TEBCPjqJxIBxUSkczvt7pC', 'Paraguay', 9990001111, '1992-08-31', 'Female', '2323 Birch St, Rivertown, Paraguay', 'aria.hernandez@gmail.com', 'avtpics26.png'),
('Lucas Brown', '$2y$10$ypa19siasQ2nSjz7y1brAPhOpYEb2Cvg1TEBCPjqJxIBxUSkczvt7pC', 'Bolivia', 6661112222, '1977-11-17', 'Male', '2424 Elm St, Lakeside, Bolivia', 'lucas.brown@gmail.com', 'avtpics27.png'),
('Scarlett Smith', '$2y$10$VuNc90My13xcH9trMJC4YuTO.jTGZknxB4rRBc32PGA2VWlfw10Fe', 'Guatemala', 3334445555, '1984-04-03', 'Female', '2525 Spruce St, Lakeside, Guatemala', 'scarlett.smith@gmail.com', 'avtpics28.png'),
('Mateo Johnson', '$2y$10$A4ZMlh3d8nO6CzHa/EiWLuHFIN3MN459H5hOLU.A0wR/4s932oEwtBu', 'Honduras', 8889990000, '1991-09-18', 'Male', '2626 Pine St, Hillside, Honduras', 'mateo.johnson@gmail.com', 'avtpics29.png'),
('Luna Kim', '$2y$10$ypa19siasQ2nSjz7y1brAPhOpYEb2Cvg1TEBCPjqJxIBxUSkczvt7pC', 'El Salvador', 5556667777, '1980-02-11', 'Female', '2727 Cedar St, Valleyview, El Salvador', 'luna.kim@gmail.com', 'avtpics30.png'),
('Liam Hernandez', '$2y$10$JOYZVUkIRotVPfUCHCwTGuh65EzmhEud2Yyofr/xs1VymZP8xTzqy', 'Nicaragua', 1110002222, '1998-07-27', 'Male', '2828 Birch St, Rivertown, Nicaragua', 'liam.hernandez@gmail.com', 'avtpics31.png'),
('Nora Perez', '$2y$10$ypa19siasQ2nSjz7y1brAPhOpYEb2Cvg1TEBCPjqJxIBxUSkczvt7pC', 'Costa Rica', 9990001111, '1985-12-14', 'Female', '2929 Elm St, Lakeside, Costa Rica', 'nora.perez@gmail.com', 'avtpics32.png'),
('Elijah Brown', '$2y$10$VuNc90My13xcH9trMJC4YuTO.jTGZknxB4rRBc32PGA2VWlfw10Fe', 'Jamaica', 6661112222, '1993-05-28', 'Male', '3030 Spruce St, Lakeside, Jamaica', 'elijah.brown@gmail.com', 'avtpics33.png'),
('Zoe Smith', '$2y$10$ypa19siasQ2nSjz7y1brAPhOpYEb2Cvg1TEBCPjqJxIBxUSkczvt7pC', 'Trinidad and Tobago', 3334445555, '1979-10-09', 'Female', '3131 Pine St, Hillside, Trinidad and Tobago', 'zoe.smith@gmail.com', 'avtpics34.png'),
('Logan Johnson', '$2y$10$JOYZVUkIRotVPfUCHCwTGuh65EzmhEud2Yyofr/xs1VymZP8xTzqy', 'Bahamas', 8889990000, '1986-03-26', 'Male', '3232 Cedar St, Valleyview, Bahamas', 'logan.johnson@gmail.com', 'avtpics35.png'),
('Aubrey Kim', '$2y$10$JOYZVUkIRotVPfUCHCwTGuh65EzmhEud2Yyofr/xs1VymZP8xTzqy', 'Barbados', 5556667777, '1994-11-19', 'Female', '3333 Elm St, Lakeside, Barbados', 'aubrey.kim@gmail.com', 'avtpics36.png'),
('Henry Perez', '$2y$10$VuNc90My13xcH9trMJC4YuTO.jTGZknxB4rRBc32PGA2VWlfw10Fe', 'Saint Lucia', 1110002222, '1981-06-12', 'Male', '3434 Birch St, Rivertown, Saint Lucia', 'henry.perez@gmail.com', 'avtpics37.png'),
('Avery Hernandez', '$2y$10$A4ZMlh3d8nO6CzHa/EiWLuHFIN3wK9H5hOLU.A0wR/4sq2wmoEwtBu', 'Grenada', 9990001111, '1997-01-30', 'Female', '3535 Spruce St, Lakeside, Grenada', 'avery.hernandez@gmail.com', 'avtpics38.png'),
('Gabriel Brown', '$2y$10$A4ZMlh3d8nO6CzHa/EiWLuHFIN3wK9H5hOLU.A0wR/4s932as012Bu', 'Saint Vincent and the Grenadines', 6661112222, '1988-08-15', 'Male', '3636 Pine St, Hillside, Saint Vincent and the Grenadines', 'gabriel.brown@gmail.com', 'avtpics39.png'),
('Sophie Smith', '$2y$10$A4ZMlh3HVHHGHO6CzHa/EiWLuHFIN3wK9H5hOLU.A0wR/4s932oEwtBu', 'Antigua and Barbuda', 3334445555, '1995-03-08', 'Female', '3737 Cedar St, Valleyview, Antigua and Barbuda', 'sophie.smith@gmail.com', 'avtpics40.png'),
('Mason Johnson', '$2y$10$A4ZMlh3d8nO6CzHa/EiWLuHF0KKMBK9H5hOLU.A0wR/4s932oEwtBu', 'Saint Kitts and Nevis', 8889990000, '1989-10-31', 'Male', '3838 Elm St, Lakeside, Saint Kitts and Nevis', 'mason.johnson@gmail.com', 'avtpics41.png'),
('Hazel Kim', '$2y$10$A4ZMlh3d8nO6CzHa/EiWLuHFIN30LJLa5hOLU.A0wR/4s932oEwtBu', 'Dominica', 5556667777, '1996-04-24', 'Female', '3939 Birch St, Rivertown, Dominica', 'hazel.kim@gmail.com', 'avtpics42.png'),
('Ethan Perez', '$2y$10$A4ZMlh3d8nO6CzHa/EiWLuHFINYIUH9H5hmvU.A0wR/4s932oEwtBu', 'Cuba', 1110002222, '1980-09-17', 'Male', '4040 Spruce St, Lakeside, Cuba', 'ethan.perez@gmail.com', 'avtpics43.png'),
('Lily Hernandez', '$2y$10$A4ZMlh3d8nO6CzHa/EiWLuHFMKO0wK9H5hOLU.A0wR/4s932oEwtBu', 'Haiti', 9990001111, '1992-02-10', 'Female', '4141 Pine St, Hillside, Haiti', 'lily.hernandez@gmail.com', 'avtpics44.png'),
('Owen Brown', '$2y$10$A4ZMlh3d8nO6CzHa/EiWLuHFIN0LOMF5hOLU.A0wR/4s932oEwtBu', 'Puerto Rico', 6661112222, '1977-07-05', 'Male', '4242 Cedar St, Valleyview, Puerto Rico', 'owen.brown@gmail.com', 'avtpics45.png'),
('Aria Smith', '$2y$10$A4ZMlh3d8nO6CzHa/EiWLuHFIN3MN459H5hOLU.A0wR/4s932oEwtBu', 'Dominican Republic', 3334445555, '1984-12-22', 'Female', '4343 Elm St, Lakeside, Dominican Republic', 'aria.smith@gmail.com', 'avtpics46.png'),
('Leo Johnson', '$2y$10$A4ZMlh3d8nO6CzHa/E9NKHWLuHFIN3wK9H5hOLU.A0wR/4s932oEwtBu', 'Guyana', 8889990000, '1991-05-15', 'Male', '4444 Birch St, Rivertown, Guyana', 'leo.johnson@gmail.com', 'avtpics47.png'),
('Stella Kim', '$2y$10$A4ZMlh3d8nO6CzHa/EiWLuHFIN3wK979MOHU.A0wR/4s932oEwtBu', 'Suriname', 5556667777, '1985-10-08', 'Female', '4545 Spruce St, Lakeside, Suriname', 'stella.kim@gmail.com', 'avtpics48.png'),
('Lucas Perez', '$2y$10$A4ZMlh3d8nO6CzHa/EiWLuHF07978wKhOLU.A0wR/4s932oEwtBu', 'Belize', 1110002222, '1998-03-25', 'Male', '4646 Pine St, Hillside, Belize', 'lucas.perez@gmail.com', 'avtpics49.png'),
('Aurora Hernandez', '$2y$10$A4ZMlh3d8nO6CzHa/EiWLuHFLOM3wK9H5hOLU.A0wR/4s9OMKoEwtBu', 'Saint Vincent and the Grenadines', 9990001111, '1982-08-10', 'Female', '4747 Cedar St, Valleyview, Saint Vincent and the Grenadines', 'aurora.hernandez@gmail.com', 'avtpics50.png'),
('Adam Smith', '$2y$10$A4ZMlh3d8nO6CzHa/EiWLuHFIN3wK9H5hOLU.A0wR/4s932oEwtBu', 'US', 2134567890, '2000-05-15', 'Male', '1 Main St, Cityville, USA', 'ex51@gmail.com', 'avtpics51.png'),
('Emily Johnson', '$2y$10$A4ZMlh3d8nO1290Ha/EiWLuHFIN3wK9H5hOLU.A0wR/4s932oEwtBu', 'Canada', 8976543210, '2005-08-22', 'Female', '4 Oak St, Townsville, Canada', 'ex52@gmail.com', 'avtpics52.png'),
('Liam Williams', '$2y$10$A4ZMlh3d8nO6CzHa/EIA98HFIN3wK9H5hOLU.A0wR/4s932oEwtBu', 'UK', 5531234567, '1992-11-10', 'Male', '7 Maple St, Boroughville, UK', 'ex53@gmail.com', 'avtpics53.png'),
('Sophia Brown', '$2y$10$A4ZMlh3d8nO6CzHa/EiWLuHFIN30192aOLU.A0wR/4s932oEwtBu', 'Australia', 1212223333, '1992-03-18', 'Female', '1 Pine St, Village town, Australia', 'ex54@gmail.com', 'avtpics54.png'),
('Ethan Jones', '$2y$10$A9102S3d8nO6CzHa/EiWLuHFIN3wK9H5hOLU.A0wR/4s932oEwtBu', 'Germany', 8998887777, '1978-07-25', 'Male', '2 Cedar St, Hamletsville, Germany', 'ex55@gmail.com', 'avtpics55.png'),
('Olivia Davis', '$2y$10$A4ZMlh3d8nO6CzHa/EiWLuHF9201KSA9H5hOLU.A0wR/4s932oEwtBu', 'France', 3234445555, '1992-01-30', 'Female', '3 Birch St, Meadowville, France', 'ex56@gmail.com', 'avtpics56.png'),
('Noah Wilson', '$2y$10$A4ZMlh3d8nakwqoHa/EiWLuHFIN3wK9H5hOLU.A0wR/4s932oEwtBu', 'China', 6677778888, '1989-06-12', 'Male', '4 Elm St, Riverside, China', 'ex57@gmail.com', 'avtpics57.png'),
('Isabella Martinez', '$2y$10$AMAOSh3d8nO6CzHa/EiWLuHFIN3wK9H5hOLU.A0wR/4s932oEwtBu', 'Japan', 2123334444, '1980-09-08', 'Female', '5 Spruce St, Hilltop, Japan', 'ex58@gmail.com', 'avtpics58.png'),
('Jacob Anderson','$2y$10$A4ZMlh3d8nO6CzHa/90WiWLuHFIN3wK9H5hOLU.A0wR/4s932oEwtBu', 'Mexico', 7668889999, '1998-04-05', 'Male', '6 Pine St, Lakeside, Mexico', 'ex59@gmail.com', 'avtpics59.png'),
('Mia Taylor', '$2y$10$A4ZMlOKLM8nO6CzHa/EiWLuHFIN3wK9H5hOLU.A0wR/4s932oEwtBu', 'Brazil', 4555556666, '1987-12-20', 'Female', '7 Cedar St, Mountainview, Brazil', 'ex60@gmail.com', 'avtpics60.png'),
('William Jackson', '$2y$10$A4ZMlh3d8nO6CzHa/EiWLu10902wK9H5hOLU.A0wR/4s932oEwtBu', 'Singapore', 1189990000, '1993-02-14', 'Male', '8 Birch St, Summitville, Singapore', 'ex61@gmail.com', 'avtpics61.png'),
('Ava Garcia', '$2y$10$A4ZMlh3d8nO6CzHa/EiWLuHFIN3wK9H5hOLU.A0wR/109s32oEwtBu', 'Vietnam', 2256667777, '1984-10-28', 'Female', '9 Elm St, Lakeshore, Vietnam', 'ex62@gmail.com','avtpics62.png'),
('James Hernandez', '$2y$10$A4ZMlh3d8nO6CzHa/EiWLuHFIN3wK9H5hOLU.A0wR/4s932oEwasot', 'South Korea', 3310002222, '1981-05-03', 'Male', '10 Spruce St, Lakeside, South Korea', 'ex63@gmail.com', 'avtpics63.png'),
('Charlotte Rodriguez', '$2y$10$A4ZMlh3d8nO6CzHa/EiWLuTFIN3wMU85hOLU.A0wR/4s932oEwtBu', 'Spain', 4490001111, '1969-08-17', 'Female', '11 Pine St, Hillside, Spain', 'ex64@gmail.com', 'avtpics64.png'),
('Benjamin Lopez', '$2y$10$A4ZMlh3d8nO6CzHa/EiWLuHFIN30KO98H5hOLU.A0wR/4s932oEwtBu', 'Italy', 5561112222, '1986-03-25', 'Male', '12 Cedar St, Valleyview, Italy', 'ex65@gmail.com', 'avtpics65.png'),
('Amelia Nguyen', '$2y$10$A4ZMlh3090MNO6CzHa/EiWLuHFIN3wK9H5hOLU.A0wR/4s932oEwtBu', 'Russia', 6634445555, '1993-11-11', 'Female', '13 Birch St, Rivertown, Russia', 'ex66@gmail.com', 'avtpics66.png'),
('Michael Perez', '$2y$10$A4ZMlh3d8nO6CzHa/EiWLuHFIN3wK9H5hOLU.A0wR/4s932oEwtBu', 'India', 8779990000, '1996-07-07', 'Male', '14 Elm St, Lakeside, India', 'ex67@gmail.com', 'avtpics67.png'),
('Harper Lewis', '$2y$10$VuNc90My13xcH9trMJC4YuTO.jTGZknxB4rRBc32PGA2VWlfw10Fe', 'Argentina', 8856667777, '1984-01-01', 'Female', '15 Spruce St, Lakeside, Argentina', 'ex68@gmail.com', 'avtpics68.png'),
('Alexander Rivera', '$2y$10$JOYZVUkIRotVPfUCHCwTGuh65EzmhEud2Yyofr/xs1VymZP8xTzqy', 'Peru', 1990002222, '1991-04-14', 'Male', '16 Pine St, Hillside, Peru', 'ex69@gmail.com', 'avtpics69.png'),
('Evelyn Lee', '$2y$10$VuNc90My13xcH9trMJC4YuTO.jTGZknxB4rRBc32PGA2VWlfw10Fe', 'Colombia', 99902301111, '1991-09-29', 'Female', '17 Cedar St, Valleyview, Colombia', 'ex70@gmail.com', 'avtpics70.png'),
('Carter Brown', '$2y$10$JOYZVUkIRotVPfUCHCwTGuh65EzmhEud2Yyofr/xs1VymZP8xTzqy', 'Chile', 6661122222, '1980-06-23', 'Male', '18 Birch St, Rivertown, Chile', 'ex71@gmail.com', 'avtpics71.png'),
('Avery Smith', '$2y$10$JOYZVUkIRotVPfUCHCwTGuh65EzmhEud2Yyofr/xs1VymZP8xTzqy', 'Ecuador', 3333545555, '1994-02-09', 'Female', '19 Elm St, Lakeside, Ecuador', 'ex72@gmail.com', 'avtpics72.png'),
('Jackson Johnson', '$2y$10$A4ZMlh3d8nO6CzHa/EiWLuHFIN3MN459H5hOLU.A0wR/4s932oEwtBu', 'Panama', 9989990000, '1973-05-06', 'Male', '20 Spruce St, Lakeside, Panama', 'ex73n@gmail.com', 'avtpics73.png'),
('Daniel Torres', '$2y$10$A4ZMlh3d8nO6CzHa/EiWLuHFIN3MN459H5hOLU.A0wR/4s932oEwtBu', 'Costa Rica', 4456667777, '1992-10-20', 'Female', '21 Pine St, Hillside, Costa Rica', 'ex74@gmail.com', 'avtpics74.png'),
('Sebastian Perez', '$2y$10$ypa19siasQ2nSjz7y1brAPhOpYEb2Cvg1TEBCPjqJxIBxUSkczvt7pC', 'Uruguay', 1120002222, '1989-03-14', 'Male', '22 Cedar St, Valleyview, Uruguay', 'ex75@gmail.com', 'avtpics75.png'),
('Aria Hernandez', '$2y$10$ypa19siasQ2nSjz7y1brAPhOpYEb2Cvg1TEBCPjqJxIBxUSkczvt7pC', 'Paraguay', 9930001111, '1991-08-31', 'Female', '23 Birch St, Rivertown, Paraguay', 'ex76@gmail.com', 'avtpics76.png'),
('Abigail Walker', '$2y$10$ypa19siasQ2nSjz7y1brAPhOpYEb2Cvg1TEBCPjqJxIBxUSkczvt7pC', 'Bolivia', 6664112222, '1974-11-17', 'Male', '24 Elm St, Lakeside, Bolivia', 'ex77@gmail.com', 'avtpics77.png'),
('Scarlett Smith', '$2y$10$VuNc90My13xcH9trMJC4YuTO.jTGZknxB4rRBc32PGA2VWlfw10Fe', 'Guatemala', 3335445555, '1983-04-03', 'Female', '25 Spruce St, Lakeside, Guatemala', 'ex78@gmail.com', 'avtpics78.png'),
('Mateo Johnson', '$2y$10$A4ZMlh3d8nO6CzHa/EiWLuHFIN3MN459H5hOLU.A0wR/4s932oEwtBu', 'Honduras', 8886990000, '1992-09-18', 'Male', '26 Pine St, Hillside, Honduras', 'ex79@gmail.com', 'avtpics79.png'),
('Luna Kim', '$2y$10$ypa19siasQ2nSjz7y1brAPhOpYEb2Cvg1TEBCPjqJxIBxUSkczvt7pC', 'El Salvador', 5556677777, '1990-02-11', 'Female', '27 Cedar St, Valleyview, El Salvador', 'ex80@gmail.com', 'avtpics80.png'),
('Liam Hernandez', '$2y$10$JOYZVUkIRotVPfUCHCwTGuh65EzmhEud2Yyofr/xs1VymZP8xTzqy', 'Nicaragua', 1113002222, '1990-07-27', 'Male', '28 Birch St, Rivertown, Nicaragua', 'ex81@gmail.com', 'avtpics81.png'),
('Elizabeth Hall', '$2y$10$ypa19siasQ2nSjz7y1brAPhOpYEb2Cvg1TEBCPjqJxIBxUSkczvt7pC', 'Costa Rica', 8990001111, '1980-12-14', 'Female', '29 Elm St, Lakeside, Costa Rica', 'ex82@gmail.com', 'avtpics82.png'),
('Elijah Brown', '$2y$10$VuNc90My13xcH9trMJC4YuTO.jTGZknxB4rRBc32PGA2VWlfw10Fe', 'Jamaica', 6661112122, '1996-05-28', 'Male', '30 Spruce St, Lakeside, Jamaica', 'ex83n@gmail.com', 'avtpics83.png'),
('Zoe Smith', '$2y$10$ypa19siasQ2nSjz7y1brAPhOpYEb2Cvg1TEBCPjqJxIBxUSkczvt7pC', 'Trinidad and Tobago', 4334445555, '1999-10-09', 'Female', '31 Pine St, Hillside, Trinidad and Tobago', 'ex84@gmail.com', 'avtpics84.png'),
('Grace Young', '$2y$10$JOYZVUkIRotVPfUCHCwTGuh65EzmhEud2Yyofr/xs1VymZP8xTzqy', 'Bahamas', 8889990009, '1980-03-26', 'Male', '32 Cedar St, Valleyview, Bahamas', 'ex85@gmail.com', 'avtpics85.png'),
('Aubrey Kim', '$2y$10$JOYZVUkIRotVPfUCHCwTGuh65EzmhEud2Yyofr/xs1VymZP8xTzqy', 'Barbados', 5556667778, '1984-11-19', 'Female', '33 Elm St, Lakeside, Barbados', 'ex86@gmail.com', 'avtpics86.png'),
('Henry Perez', '$2y$10$VuNc90My13xcH9trMJC4YuTO.jTGZknxB4rRBc32PGA2VWlfw10Fe', 'Saint Lucia', 1110052222, '1991-06-12', 'Male', '34 Birch St, Rivertown, Saint Lucia', 'ex87@gmail.com', 'avtpics87.png'),
('Avery Hernandez', '$2y$10$A4ZMlh3d8nO6CzHa/EiWLuHFIN3wK9H5hOLU.A0wR/4sq2wmoEwtBu', 'Grenada', 9990401111, '1990-01-30', 'Female', '35 Spruce St, Lakeside, Grenada', 'ex88@gmail.com', 'avtpics88.png'),
('Gabriel Brown', '$2y$10$A4ZMlh3d8nO6CzHa/EiWLuHFIN3wK9H5hOLU.A0wR/4s932as012Bu', 'Saint Vincent and the Grenadines', 6631112222, '1998-08-15', 'Male', '36 Pine St, Hillside, Saint Vincent and the Grenadines', 'ex89@gmail.com', 'avtpics89.png'),
('Sophie Smith', '$2y$10$A4ZMlh3HVHHGHO6CzHa/EiWLuHFIN3wK9H5hOLU.A0wR/4s932oEwtBu', 'Antigua and Barbuda', 3334445554, '1999-03-08', 'Female', '37 Cedar St, Valleyview, Antigua and Barbuda', 'ex90@gmail.com', 'avtpics90.png'),
('Mason Johnson', '$2y$10$A4ZMlh3d8nO6CzHa/EiWLuHF0KKMBK9H5hOLU.A0wR/4s932oEwtBu', 'Saint Kitts and Nevis', 8889990030, '1999-10-31', 'Male', '38 Elm St, Lakeside, Saint Kitts and Nevis', 'ex91@gmail.com', 'avtpics91.png'),
('Henry Green', '$2y$10$A4ZMlh3d8nO6CzHa/EiWLuHFIN30LJLa5hOLU.A0wR/4s932oEwtBu', 'Dominica', 5556667727, '1986-04-24', 'Female', '39 Birch St, Rivertown, Dominica', 'ex92@gmail.com', 'avtpics92.png'),
('Chloe Adams', '$2y$10$A4ZMlh3d8nO6CzHa/EiWLuHFINYIUH9H5hmvU.A0wR/4s932oEwtBu', 'Cuba', 1110002221, '1970-09-17', 'Male', '40 Spruce St, Lakeside, Cuba', 'ex93@gmail.com', 'avtpics93.png'),
('Lily Hernandez', '$2y$10$A4ZMlh3d8nO6CzHa/EiWLuHFMKO0wK9H5hOLU.A0wR/4s932oEwtBu', 'Haiti', 9990041111, '1972-02-10', 'Female', '41 Pine St, Hillside, Haiti', 'ex94@gmail.com', 'avtpics94.png'),
('Owen Brown', '$2y$10$A4ZMlh3d8nO6CzHa/EiWLuHFIN0LOMF5hOLU.A0wR/4s932oEwtBu', 'Puerto Rico', 6661312222, '1987-07-05', 'Male', '42 Cedar St, Valleyview, Puerto Rico', 'ex95@gmail.com', 'avtpics95.png'),
('Aria Smith', '$2y$10$A4ZMlh3d8nO6CzHa/EiWLuHFIN3MN459H5hOLU.A0wR/4s932oEwtBu', 'Dominican Republic', 4334445555, '1994-12-22', 'Female', '43 Elm St, Lakeside, Dominican Republic', 'ex96@gmail.com', 'avtpics96.png'),
('Leo Johnson', '$2y$10$A4ZMlh3d8nO6CzHa/E9NKHWLuHFIN3wK9H5hOLU.A0wR/4s932oEwtBu', 'Guyana', 8889990090, '1971-05-15', 'Male', '44 Birch St, Rivertown, Guyana', 'ex97@gmail.com', 'avtpics97.png'),
('Sebastian King', '$2y$10$A4ZMlh3d8nO6CzHa/EiWLuHFIN3wK979MOHU.A0wR/4s932oEwtBu', 'Suriname', 5556661777, '1975-10-08', 'Female', '45 Spruce St, Lakeside, Suriname', 'ex98@gmail.com', 'avtpics98.png'),
('Lucas Perez', '$2y$10$A4ZMlh3d8nO6CzHa/EiWLuHF07978wKhOLU.A0wR/4s932oEwtBu', 'Belize', 1110002223, '1988-03-25', 'Male', '46 Pine St, Hillside, Belize', 'ex99@gmail.com', 'avtpics99.png'),
('Jackson Mitchellz', '$2y$10$A4ZMlh3d8nO6CzHa/EiWLuHFLOM3wK9H5hOLU.A0wR/4s9OMKoEwtBu', 'Saint Vincent and the Grenadines', 9990301111, '1992-08-10', 'Female', '47 Cedar St, Valleyview, Saint Vincent and the Grenadines', 'ex100@gmail.com', 'avtpics100.png');  

INSERT INTO Admins (Name, Email, Password, Phone, Profile_Pic) VALUES
('Admin1', 'admin1@gmail.com', '$2y$10$ypa19siasQ2nSjz7y1brAPhOpYEb2Cvg1TEBCPjqJxIBxUSkczvt7pC', 1231123123, 'avtadpics1.png'),
('Admin2', 'admin2@gmail.com', '$2y$10$A4ZMlh3d8nO6CzHa/EiWLuHFIN3wK9H5hOLU.A0wR/4s932oEwtBu', 4564564567, 'avtadpics2.png'),
('Admin3', 'admin3@gmail.com', '$2y$10$VuNc90My13xcH9trMJC4YuTO.jTGZknxB4rRBc32PGA2VWlfw10Fe', 5554449999, 'avtadpics3.png'),
('Admin4', 'admin4@gmail.com', '$2y$10$VuNc90My13xcH9trMJC4YuTO.jTGZknxB4rRBc32PGA2VWlfw10Fe', 1112222220, 'avtadpics4.png'),
('Admin5', 'admin5@gmail.com', '$2y$10$VuNc90My13xcH9trMJC4YuTO.jTGZknxB4rRBc32PGA2VWlfw10Fe', 9988998899, 'avtadpics5.png'),
('Admin6', 'admin6@gmail.com', '$2y$10$A4ZMlh3d8nO6CzHa/EiWLuHFIN3wK9H5hOLU.A0wR/4s932oEwtBu', 1233456778, 'avtadpics6.png'),
('Admin7', 'admin7@gmail.com', '$2y$10$ypal0nOQ2nSjz7y1brAAPSopYb2Cvg1TEBCPjqJxIBxUSkczvt7pC', 7788777777, 'avtadpics7.png'),
('Admin8', 'admin8@gmail.com', '$2y$10$VuNc90My13xcH9trMJC4YuTO.jTGZknxB4rRBc32PGA2VWlfw10Fe', 4444433333, 'avtadpics8.png'),
('Admin9', 'admin9@gmail.com', '$2y$10$ypal0nOQ2nSjz7y1brAAPSopYb2Cvg1TEBCPjqJxIBxUSkczvt7pC', 3333344444, 'avtadpics9.png'),
('Admin10', 'admin10@gmail.com', '$2y$10$A4ZMlh3d8nO6CzHa/E9NKHWLuHFIN3wK9H5hOLU.A0wR/4s932oEwtBu', 4445588990, 'avtadpics10.png'),
('Admin11', 'admin11@gmail.com', '$2y$10$VuNc90My13xcH9trMJC4YuTO.jTGZknxB4rRBc32PGA2VWlfw10Fe', 0901998908, 'avtadpics11.png'),
('Admin12', 'admin12@gmail.com', '$2y$10$VuNc90My13xcH9trMJC4YuTO.jTGZknxB4rRBc32PGA2VWlfw10Fe', 0899883775, 'avtadpics12.png'),
('Admin13', 'admin13@gmail.com', '$2y$10$A4ZMlh3d8nO6CzHa/E9NKHWLuHFIN3wK9H5hOLU.A0wR/4s932oEwtBu', 0911374731, 'avtadpics13.png'),
('Admin14', 'admin14@gmail.com', '$2y$10$A4ZMlh3d8nO6CzHa/EiWLuHFIN3wK9H5hOLU.A0wR/4s932oEwtBu', 0901999888, 'avtadpics14.png'),
('Admin15', 'admin15@gmail.com', '$2y$10$ypa19siasQ2nSjz7y1brAPhOpYEb2Cvg1TEBCPjqJxIBxUSkczvt7pC', 0267456456, 'avtadpics15.png'),
('Admin16', 'admin16@gmail.com', '$2y$10$A4ZMlh3d8nO6CzHa/EiWLuHFIN3wK9H5hOLU.A0wR/4s932as012Bu', 0989111222, 'avtadpics16.png'),
('Admin17', 'admin17@gmail.com', '$2y$10$A4ZMlh3d8nO6CzHa/EIA98HFIN3wK9H5hOLU.A0wR/4s932oEwtBu', 0999888333, 'avtadpics17.png'),
('Admin18', 'admin18@gmail.com', '$2y$10$VuNc90My13xcH9trMJC4YuTO.jTGZknxB4rRBc32PGA2VWlfw10Fe', 0905987654, 'avtadpics18.png'),
('Admin19', 'admin19@gmail.com', '$2y$10$A4ZMlh3d8nO6CzHa/EiWLuHFIN3wK9H5hOLU.A0wR/4s932oEwasot', 8765432100, 'avtadpics19.png'),
('Admin20', 'admin20@gmail.com', '$2y$10$A4ZMlh3d8nO6CzHa/EiWLuHF9201KSA9H5hOLU.A0wR/4s932oEwtBu', 0087654321, 'avtadpics20.png'),
('Admin21', 'admin21@gmail.com', '$2y$10$A4ZMlh3d8nO6CzHa/EiWLuHFIN3wK9H5hOLU.A0wR/4s932oEwtBu', 7777777788, 'avtadpics21.png'),
('Admin22', 'admin22@gmail.com', '$2y$10$ypa19siasQ2nSjz7y1brAPhOpYEb2Cvg1TEBCPjqJxIBxUSkczvt7pC', 0235341323, 'avtadpics22.png'),
('Admin23', 'admin23@gmail.com', '$2y$10$A4ZMlh3d8nO6CzHa/EiWLuHFIN3wK9H5hOLU.A0wR/4s932as012Bu', 0236789987, 'avtadpics23.png'),
('Admin24', 'admin24@gmail.com', '$2y$10$VuNc90My13xcH9trMJC4YuTO.jTGZknxB4rRBc32PGA2VWlfw10Fe', 0099887766, 'avtadpics24.png'),
('Admin25', 'admin25@gmail.com', '$2y$10$A4ZMlh3d8nO6CzHa/EiWLuHFIN3wK9H5hOLU.A0wR/4s932oEwasot', 1234554321, 'avtadpics25.png'),
('Admin26', 'admin26@gmail.com', '$2y$10$ypal0nOQ2nSjz7y1brAAPSopYb2Cvg1TEBCPjqJxIBxUSkczvt7pC', 1029384756, 'avtadpics26.png'),
('Admin27', 'admin27@gmail.com', '$2y$10$ypa19siasQ2nSjz7y1brAPhOpYEb2Cvg1TEBCPjqJxIBxUSkczvt7pC', 5647382910, 'avtadpics27.png'),
('Admin28', 'admin28@gmail.com', '$2y$10$A4ZMlh3d8nO6CzHa/EiWLuHFIN3wK9H5hOLU.A0wR/4s932oEwtBu', 0999123456, 'avtadpics28.png'),
('Admin29', 'admin29@gmail.com', '$2y$10$A4ZMlh3d8nO6CzHa/EiWLuHF9201KSA9H5hOLU.A0wR/4s932oEwtBu', 8989757523, 'avtadpics29.png'),
('Admin30', 'admin30@gmail.com', '$2y$10$A4ZMlh3d8nO6CzHa/EIA98HFIN3wK9H5hOLU.A0wR/4s932oEwtBu', 2525787890, 'avtadpics30.png'),
('Admin31', 'admin31@gmail.com', '$2y$10$ypa19siasQ2nSjz7y1brAPhOpYEb2Cvg1TEBCPjqJxIBxUSkczvt7pC', 3248324294, 'avtadpics31.png'),
('Admin32', 'admin32@gmail.com', '$2y$10$JOYZVUkIRotVPfUCHCwTGuh65EzmhEud2Yyofr/xs1VymZP8xTzqy', 0840242849, 'avtadpics32.png'),
('Admin33', 'admin33@gmail.com', '$2y$10$A4ZMlh3d8nO6CzHa/EiWLuHFIN3wK9H5hOLU.A0wR/4s932oEwtBu', 3728951882, 'avtadpics33.png'),
('Admin34', 'admin34@gmail.com', '$2y$10$JOYZVUkIRotVPfUCHCwTGuh65EzmhEud2Yyofr/xs1VymZP8xTzqy', 3928573721, 'avtadpics34.png'),
('Admin35', 'admin35@gmail.com', '$2y$10$ypal0nOQ2nSjz7y1brAAPSopYb2Cvg1TEBCPjqJxIBxUSkczvt7pC', 9990001263, 'avtadpics35.png'),
('Admin36', 'admin36@gmail.com', '$2y$10$A4ZMlh3d8nO6CzHa/EiWLuHFIN3wK9H5hOLU.A0wR/4s932oEwasot', 1273985723, 'avtadpics36.png'),
('Admin37', 'admin37@gmail.com', '$2y$10$JOYZVUkIRotVPfUCHCwTGuh65EzmhEud2Yyofr/xs1VymZP8xTzqy', 9273293812, 'avtadpics37.png'),
('Admin38', 'admin38@gmail.com', '$2y$10$VuNc90My13xcH9trMJC4YuTO.jTGZknxB4rRBc32PGA2VWlfw10Fe', 5573821934, 'avtadpics38.png'),
('Admin39', 'admin39@gmail.com', '$2y$10$A4ZMlh3d8nO6CzHa/EiWLuHFIN3wK9H5hOLU.A0wR/4s932as012Bu', 1110029102, 'avtadpics39.png'),
('Admin40', 'admin40@gmail.com', '$2y$10$ypal0nOQ2nSjz7y1brAAPSopYb2Cvg1TEBCPjqJxIBxUSkczvt7pC', 9990212321, 'avtadpics40.png'),
('Admin41', 'admin41@gmail.com', '$2y$10$ypal0nOQ2nSjz7y1brAPhOpYEb2CvgAOASjqJxOA908Skczvt7pC', 6424228312, 'avtadpics41.png'),
('Admin42', 'admin42@gmail.com', '$2y$10$A4ZMlh3d8nO6CzHa/EiWLuHFIN3wK9H5hOLU.A0wR/4s932oEwtBu', 8889923213, 'avtadpics42.png'),
('Admin43', 'admin43@gmail.com', '$2y$10$VuNc90My13xcH9trMJC4YuTO.jTGZknxB4rRBc32PGA2VWlfw10Fe', 5556434231, 'avtadpics43.png'),
('Admin44', 'admin44@gmail.com', '$2y$10$ypal0nOQ2nSjz7y1brAAPSopYb2Cvg1TEBCPjqJxIBxUSkczvt7pC', 1110674435, 'avtadpics45.png'),
('Admin45', 'admin45@gmail.com', '$2y$10$A4ZMlh3d8nO6CzHa/EiWLuHF9201KSA9H5hOLU.A0wR/4s932oEwtBu', 9912414124, 'avtadpics45.png'),
('Admin46', 'admin46@gmail.com', '$2y$10$A4ZMlh3d8nO6CzHa/EiWLuHFIN3wK9H5hOLU.A0wR/4s932oEwtBu', 6661111231, 'avtadpics46.png'),
('Admin47', 'admin47@gmail.com', '$2y$10$ypa19siasQ2nSjz7y1brAPhOpYEb2Cvg1TEBCPjqJxIBxUSkczvt7pC', 8883125576, 'avtadpics47.png'),
('Admin48', 'admin48@gmail.com', '$2y$10$VuNc90My13xcH9trMJC4YuTO.jTGZknxB4rRBc32PGA2VWlfw10Fe', 1829484313, 'avtadpics48.png'),
('Admin49', 'admin49@gmail.com', '$2y$10$ypal0nOQ2nSjz7y1brAPhOpYEb2CvgAOASjqJxOA908Skczvt7pC', 1110123922, 'avtadpics49.png'),
('Admin50', 'admin50@gmail.com', '$2y$10$ypa19siasQ2nSjz7y1brAPhOpYEb2Cvg1TEBCPjqJxIBxUSkczvt7pC', 9948142111, 'avtadpics50.png')
  

INSERT INTO BankAccounts (Acc_Name, Acctype_ID, Customer_ID, Acc_Status, Acc_Amount, Created_At) 
VALUES
(Acc_name1, 1, 1, 'Active', '1000.00', '2023-01-01 12:00:00'),
(Acc_name2, 2, 2, 'Active', '5000.00', '2023-02-15 14:30:00'),
(Acc_name3, 3, 3, 'Inactive', '10000.00', '2023-03-20 10:45:00'),
(Acc_name4, 4, 4, 'Active', '8000.00', '2023-04-05 08:15:00'),
(Acc_name5, 5, 5, 'Active', '12000.00', '2023-05-10 16:20:00'),
(Acc_name6, 6, 6, 'Active', '15000.00', '2023-06-25 18:30:00'),
(Acc_name7, 7, 7, 'Inactive', '2000.00', '2023-07-30 11:00:00'),
(Acc_name8, 1, 8, 'Active', '3000.00', '2023-08-14 09:45:00'),
(Acc_name9, 2, 9, 'Active', '6000.00', '2023-09-19 13:20:00'),
(Acc_name10, 3, 10, 'Inactive', '11000.00', '2023-10-24 15:55:00'),
(Acc_name11, 5, 11, 'Active', '7500.00', '2023-11-01 17:10:00'),
(Acc_name12, 5, 12, 'Active', '13000.00', '2023-12-06 20:05:00'),
(Acc_name13, 6, 13, 'Active', '16000.00', '2024-01-11 22:30:00'),
(Acc_name14, 4, 14, 'Inactive', '2200.00', '2024-02-16 08:45:00'),
(Acc_name15, 1, 15, 'Active', '3500.00', '2024-03-23 10:15:00'),
(Acc_name16, 2, 16, 'Active', '5500.00', '2024-04-27 12:40:00'),
(Acc_name17, 3, 17, 'Inactive', '10500.00', '2024-05-02 14:55:00'),
(Acc_name18, 6, 18, 'Active', '7800.00', '2024-06-07 17:25:00'),
(Acc_name19, 5, 19, 'Active', '12500.00', '2024-07-12 19:50:00'),
(Acc_name20, 6, 20, 'Active', '15500.00', '2024-08-17 22:10:00'),
(Acc_name21, 7, 21, 'Inactive', '1980.00', '2024-09-22 09:30:00'),
(Acc_name22, 1, 22, 'Active', '3200.00', '2024-10-27 11:45:00'),
(Acc_name23, 2, 23, 'Active', '5800.00', '2024-11-01 14:05:00'),
(Acc_name24, 4, 24, 'Inactive', '11200.00', '2024-12-06 16:30:00'),
(Acc_name25, 5, 25, 'Active', '7600.00', '2025-01-10 18:55:00'),
(Acc_name26, 5, 26, 'Active', '12800.00', '2025-02-15 21:20:00'),
(Acc_name27, 6, 27, 'Active', '16500.00', '2025-03-22 23:40:00'),
(Acc_name28, 7, 28, 'Inactive', '2100.00', '2025-04-27 09:00:00'),
(Acc_name29, 1, 29, 'Active', '3400.00', '2025-05-02 11:15:00'),
(Acc_name30, 2, 30, 'Active', '6100.00', '2025-06-06 13:35:00'),
(Acc_name31, 3, 31, 'Inactive', '10800.00', '2025-07-11 15:55:00'),
(Acc_name32, 2, 32, 'Active', '8000.00', '2025-08-16 18:20:00'),
(Acc_name33, 5, 33, 'Active', '13200.00', '2025-09-21 20:40:00'),
(Acc_name34, 4, 34, 'Active', '17000.00', '2025-10-26 23:05:00'),
(Acc_name35, 7, 35, 'Inactive', '2250.00', '2025-11-30 09:25:00'),
(Acc_name36, 1, 36, 'Active', '3700.00', '2026-01-04 11:50:00'),
(Acc_name37, 2, 37, 'Active', '6300.00', '2026-02-08 14:15:00'),
(Acc_name38, 3, 38, 'Inactive', '11500.00', '2026-03-15 16:40:00'),
(Acc_name39, 6, 39, 'Active', '8200.00', '2026-04-20 19:05:00'),
(Acc_name40, 5, 40, 'Active', '13800.00', '2026-05-25 21:30:00'),
(Acc_name41, 6, 41, 'Active', '17500.00', '2026-06-29 23:50:00'),
(Acc_name42, 7, 42, 'Inactive', '2400.00', '2026-08-03 09:10:00'),
(Acc_name43, 1, 43, 'Active', '3900.00', '2026-09-07 11:30:00'),
(Acc_name44, 4, 44, 'Active', '6600.00', '2026-10-12 13:55:00'),
(Acc_name45, 3, 45, 'Inactive', '12000.00', '2026-11-16 16:20:00'),
(Acc_name46, 2, 46, 'Active', '8500.00', '2026-12-21 18:40:00'),
(Acc_name47, 5, 47, 'Active', '14400.00', '2027-01-25 21:05:00'),
(Acc_name48, 6, 48, 'Active', '18000.00', '2027-02-28 23:25:00'),
(Acc_name49, 7, 49, 'Inactive', '2550.00', '2027-04-05 09:45:00'),
(Acc_name50, 1, 50, 'Active', '4100.00', '2027-05-10 12:10:00'),
(Acc_name51, 1, 1, 'Active', '1000.00', '2023-01-01 12:00:00'),
(Acc_name52, 2, 2, 'Active', '5000.00', '2023-02-15 14:30:00'),
(Acc_name53, 3, 3, 'Inactive', '10000.00', '2023-03-20 10:45:00'),
(Acc_name54, 4, 4, 'Active', '8000.00', '2023-04-05 08:15:00'),
(Acc_name55, 5, 5, 'Active', '12000.00', '2023-05-10 16:20:00'),
(Acc_name56, 6, 6, 'Active', '15000.00', '2023-06-25 18:30:00'),
(Acc_name57, 7, 7, 'Inactive', '2000.00', '2023-07-30 11:00:00'),
(Acc_name58, 1, 8, 'Active', '3000.00', '2023-08-14 09:45:00'),
(Acc_name59, 2, 9, 'Active', '6000.00', '2023-09-19 13:20:00'),
(Acc_name60, 3, 10, 'Inactive', '11000.00', '2023-10-24 15:55:00'),
(Acc_name61, 5, 11, 'Active', '7500.00', '2023-11-01 17:10:00'),
(Acc_name62, 5, 12, 'Active', '13000.00', '2023-12-06 20:05:00'),
(Acc_name63, 6, 13, 'Active', '16000.00', '2024-01-11 22:30:00'),
(Acc_name64, 4, 14, 'Inactive', '2200.00', '2024-02-16 08:45:00'),
(Acc_name65, 1, 15, 'Active', '3500.00', '2024-03-23 10:15:00'),
(Acc_name66, 2, 16, 'Active', '5500.00', '2024-04-27 12:40:00'),
(Acc_name67, 3, 17, 'Inactive', '10500.00', '2024-05-02 14:55:00'),
(Acc_name68, 6, 18, 'Active', '7800.00', '2024-06-07 17:25:00'),
(Acc_name69, 5, 19, 'Active', '12500.00', '2024-07-12 19:50:00'),
(Acc_name70, 6, 20, 'Active', '15500.00', '2024-08-17 22:10:00'),
(Acc_name71, 7, 21, 'Inactive', '1980.00', '2024-09-22 09:30:00'),
(Acc_name72, 1, 22, 'Active', '3200.00', '2024-10-27 11:45:00'),
(Acc_name73, 2, 23, 'Active', '5800.00', '2024-11-01 14:05:00'),
(Acc_name74, 4, 24, 'Inactive', '11200.00', '2024-12-06 16:30:00'),
(Acc_name75, 5, 25, 'Active', '7600.00', '2025-01-10 18:55:00'),
(Acc_name76, 5, 26, 'Active', '12800.00', '2025-02-15 21:20:00'),
(Acc_name77, 6, 27, 'Active', '16500.00', '2025-03-22 23:40:00'),
(Acc_name78, 7, 28, 'Inactive', '2100.00', '2025-04-27 09:00:00'),
(Acc_name79, 1, 29, 'Active', '3400.00', '2025-05-02 11:15:00'),
(Acc_name80, 2, 30, 'Active', '6100.00', '2025-06-06 13:35:00'),
(Acc_name81, 3, 31, 'Inactive', '10800.00', '2025-07-11 15:55:00'),
(Acc_name82, 2, 32, 'Active', '8000.00', '2025-08-16 18:20:00'),
(Acc_name83, 5, 33, 'Active', '13200.00', '2025-09-21 20:40:00'),
(Acc_name84, 4, 34, 'Active', '17000.00', '2025-10-26 23:05:00'),
(Acc_name85, 7, 35, 'Inactive', '2250.00', '2025-11-30 09:25:00'),
(Acc_name86, 1, 36, 'Active', '3700.00', '2026-01-04 11:50:00'),
(Acc_name87, 2, 37, 'Active', '6300.00', '2026-02-08 14:15:00'),
(Acc_name88, 3, 38, 'Inactive', '11500.00', '2026-03-15 16:40:00'),
(Acc_name89, 6, 39, 'Active', '8200.00', '2026-04-20 19:05:00'),
(Acc_name90, 5, 40, 'Active', '13800.00', '2026-05-25 21:30:00'),
(Acc_name91, 6, 41, 'Active', '17500.00', '2026-06-29 23:50:00'),
(Acc_name92, 7, 42, 'Inactive', '2400.00', '2026-08-03 09:10:00'),
(Acc_name93, 1, 43, 'Active', '3900.00', '2026-09-07 11:30:00'),
(Acc_name94, 4, 44, 'Active', '6600.00', '2026-10-12 13:55:00'),
(Acc_name95, 3, 45, 'Inactive', '12000.00', '2026-11-16 16:20:00'),
(Acc_name96, 2, 46, 'Active', '8500.00', '2026-12-21 18:40:00'),
(Acc_name97, 5, 47, 'Active', '14400.00', '2027-01-25 21:05:00'),
(Acc_name98, 6, 48, 'Active', '18000.00', '2027-02-28 23:25:00'),
(Acc_name99, 7, 49, 'Inactive', '2550.00', '2027-04-05 09:45:00'),
(Acc_name100, 1, 50, 'Active', '4100.00', '2027-05-10 12:10:00');

INSERT INTO Acc_types (Name, Description, Rate) 
VALUES
('Savings Account', 'Savings account for personal use', 5),
('Current Account', 'Current account for everyday transactions', 7 ),
('Fixed Deposit Account', 'Fixed-term deposit with competitive interest rates', 8),
('Business Checking Account', 'Checking account for business transactions', 9),
('Foreign Currency Account', 'Account for holding foreign currencies', 10),
('Loan', 'Loan account for borrowing funds', 6),
('Credit', 'Credit account for making purchases on credit', 5),

INSERT INTO LoanTypes (Name, Description, Rate, Installment_Period)
VALUES 
('Personal Loan', 'Short-term unsecured loan', 8, 'Month'),
('Auto Loan', 'Loan for purchasing a vehicle', 7, 'Quater'),
('Home Loan', 'Loan for purchasing a home', 6, 'Month'),
('Education Loan', 'Loan for educational expenses', 9, ''),
('Business Loan', 'Loan for starting or expanding a business', 8, 'Quater'),
('Medical Loan', 'Loan for medical expenses', 7, 'Month'),
('Vacation Loan', 'Loan for travel and vacation',9, 'Month'),
('Wedding Loan', 'Loan for wedding expenses', 6, 'Month'),
('Debt Consolidation Loan', 'Loan for consolidating debts', 8, 'Quater'),
('Renovation Loan', 'Loan for home renovation', 7, 'Month'),


INSERT INTO Loans (LoanType_ID, Customer_ID, Loan_Amount, Loan_Term, Start_Date, Status, Installment)
VALUES 
(1, 1, 5000.00, 12, '2022-01-01', 'Approved', 458.33),
(2, 2, 10000.00, 24, '2022-02-15', 'Pending', 1916.68),
(3, 3, 7500.00, 18, '2022-03-10', 'Active', 460.42),
(4, 4, 12000.00, 36, '2022-05-20', 'Pending', 1506.68),
(5, 5, 8000.00, 24, '2022-04-01', 'Approved', 1480.00),
(6, 6, 12000.00, 36, '2022-05-15', 'Pending', 373.33),
(7, 7, 10000.00, 18, '2022-03-20', 'Active', 619.44),
(8, 8, 15000.00, 48, '2022-06-10', 'Pending', 353.13),
(9, 9, 6000.00, 12, '2022-02-05', 'Approved', 2210.00),
(10, 10, 10000.00, 24, '2022-03-01', 'Approved', 464.58),
(1, 11, 10000.00, 24, '2022-02-15', 'Pending', 1916.68),  
(2, 12, 12000.00, 36, '2022-04-15', 'Approved', 200.00),
(3, 13, 7500.00, 18, '2022-03-10', 'Approved', 460.42),
(4, 14, 12000.00, 36, '2022-05-20', 'Active', 1506.68),  
(5, 15, 8000.00, 24, '2022-04-01', 'Approved', 1480.00),
(6, 16, 12000.00, 36, '2022-05-15', 'Pending', 373.33),
(7, 17, 10000.00, 18, '2022-03-20', 'Approved', 619.44),
(8, 18, 15000.00, 48, '2022-06-10', 'Pending', 353.13),
(9, 19, 6000.00, 12, '2022-02-05', 'Approved', 2210.00),
(10, 20, 10000.00, 24, '2022-03-01', 'Approved', 464.58),
(1, 21, 5000.00, 12, '2022-01-01', 'Active', 458.33),
(2, 22, 10000.00, 24, '2022-02-15', 'Pending', 1916.68),
(3, 23, 7500.00, 18, '2022-03-10', 'Approved', 460.42),
(4, 24, 12000.00, 36, '2022-05-20', 'Pending', 1506.68),
(5, 25, 8000.00, 24, '2022-04-01', 'Approved', 1480.00),
(6, 26, 12000.00, 36, '2022-05-15', 'Active', 373.33),
(7, 27, 10000.00, 18, '2022-03-20', 'Approved', 619.44),
(8, 28, 15000.00, 48, '2022-06-10', 'Pending', 353.13),
(9, 29, 6000.00, 12, '2022-02-05', 'Approved', 2210.00),
(10, 30, 10000.00, 24, '2022-03-01', 'Approved', 464.58),
(1, 31, 5000.00, 12, '2022-01-01', 'Active', 458.33),
(2, 32, 10000.00, 24, '2022-02-15', 'Pending', 1916.68),
(3, 33, 7500.00, 18, '2022-03-10', 'Approved', 460.42),
(4, 34, 12000.00, 36, '2022-05-20', 'Pending', 1506.68),
(5, 35, 8000.00, 24, '2022-04-01', 'Approved', 1480.00),
(6, 36, 12000.00, 36, '2022-05-15', 'Pending', 373.33),  
(7, 37, 10000.00, 18, '2022-03-20', 'Active', 619.44),
(8, 38, 15000.00, 48, '2022-06-10', 'Pending', 353.13),
(9, 39, 6000.00, 12, '2022-02-05', 'Approved', 2210.00),
(10, 40, 10000.00, 24, '2022-03-01', 'Approved', 464.58),
(1, 41, 5000.00, 12, '2022-01-01', 'Active', 458.33),
(2, 42, 10000.00, 24, '2022-02-15', 'Pending', 1916.68),
(3, 43, 7500.00, 18, '2022-03-10', 'Approved', 460.42),
(4, 44, 12000.00, 36, '2022-05-20', 'Pending', 1506.68),
(5, 45, 8000.00, 24, '2022-04-01', 'Approved', 1480.00),
(6, 46, 12000.00, 36, '2022-05-15', 'Pending', 373.33),
(7, 47, 10000.00, 18, '2022-03-20', 'Active', 619.44),
(8, 48, 15000.00, 48, '2022-06-10', 'Pending', 353.13),
(9, 49, 6000.00, 12, '2022-02-05', 'Approved', 2210.00),
(10, 50, 10000.00, 24, '2022-03-01', 'Approved', 464.58)
  
INSERT INTO Notifications (Notification_Details, Created_At)
VALUES
('New message from the administrator.', '2023-01-01 12:00:00'),
('Account balance updated.', '2023-02-15 14:30:00'),
('Payment received for Loan Account.', '2023-03-20 10:45:00'),
('Card transaction alert: $50 spent at Grocery Store.', '2023-04-05 08:15:00'),
('Upcoming loan payment reminder.', '2023-05-10 16:20:00'),
('Savings goal achieved!', '2023-06-25 18:30:00'),
('Card transaction alert: $100 spent at Electronics Store.', '2023-07-30 11:00:00'),
('New message from the administrator.', '2023-08-14 09:45:00'),
('Credit card payment due in 7 days.', '2023-09-19 13:20:00'),
('Card transaction alert: $20 spent at Coffee Shop.', '2023-10-24 15:55:00'),
('Account statement available for download.', '2023-11-01 17:10:00'),
('New message from the administrator.', '2023-12-06 20:05:00'),
('Card transaction alert: $75 spent at Clothing Store.', '2024-01-11 22:30:00'),
('Account balance updated.', '2024-02-16 08:45:00'),
('Loan payment received.', '2024-03-23 10:15:00'),
('Card transaction alert: $200 spent at Restaurant.', '2024-04-27 12:40:00'),
('Upcoming credit card payment reminder.', '2024-05-02 14:55:00'),
('Savings goal achieved!', '2024-06-07 17:25:00'),
('Card transaction alert: $120 spent at Bookstore.', '2024-07-12 19:50:00'),
('New message from the administrator.', '2024-08-17 22:10:00'),
('Card transaction alert: $30 spent at Gas Station.', '2024-09-22 09:30:00'),
('Account balance updated.', '2024-10-27 11:45:00'),
('Loan payment received.', '2024-11-01 14:05:00'),
('Card transaction alert: $80 spent at Movie Theater.', '2024-12-06 16:30:00'),
('Upcoming loan payment reminder.', '2025-01-10 18:55:00'),
('Card transaction alert: $150 spent at Home Improvement Store.', '2025-02-15 21:20:00'),
('Savings goal achieved!', '2025-03-22 23:40:00'),
('New message from the administrator.', '2025-04-27 09:00:00'),
('Card transaction alert: $25 spent at Pharmacy.', '2025-05-02 11:15:00'),
('Account statement available for download.', '2025-06-06 13:35:00'),
('Card transaction alert: $50 spent at Pet Store.', '2025-07-11 15:55:00'),
('Upcoming credit card payment reminder.', '2025-08-16 18:20:00'),
('Savings goal achieved!', '2025-09-21 20:40:00'),
('Card transaction alert: $100 spent at Department Store.', '2025-10-26 23:05:00'),
('New message from the administrator.', '2025-11-30 09:25:00'),
('Card transaction alert: $35 spent at Fast Food Restaurant.', '2026-01-04 11:50:00'),
('Account balance updated.', '2026-02-08 14:15:00'),
('Loan payment received.', '2026-03-15 16:40:00'),
('Card transaction alert: $90 spent at Travel Agency.', '2026-04-20 19:05:00'),
('Upcoming loan payment reminder.', '2026-05-25 21:30:00'),
('Savings goal achieved!', '2026-06-29 23:50:00'),
('Card transaction alert: $130 spent at Sporting Goods Store.', '2026-08-03 09:10:00'),
('New message from the administrator.', '2026-09-07 11:30:00'),
('Card transaction alert: $40 spent at Car Wash.', '2026-10-12 13:55:00'),
('Account statement available for download.', '2026-11-16 16:20:00'),
('Card transaction alert: $75 spent at Concert Tickets.', '2026-12-21 18:40:00'),
('Upcoming credit card payment reminder.', '2027-01-25 21:05:00'),
('Savings goal achieved!', '2027-02-28 23:25:00'),
('Card transaction alert: $110 spent at Art Gallery.', '2027-04-05 09:45:00'),
('New message from the administrator.', '2027-05-10 12:10:00')
('New message from the administrator.', '2023-01-01 12:00:00'),
('Account balance updated.', '2023-02-15 14:30:00'),
('Payment received for Loan Account.', '2023-03-20 10:45:00'),
('Card transaction alert: $50 spent at Grocery Store.', '2023-04-05 08:15:00'),
('Upcoming loan payment reminder.', '2023-05-10 16:20:00'),
('Savings goal achieved!', '2023-06-25 18:30:00'),
('Card transaction alert: $100 spent at Electronics Store.', '2023-07-30 11:00:00'),
('New message from the administrator.', '2023-08-14 09:45:00'),
('Credit card payment due in 7 days.', '2023-09-19 13:20:00'),
('Card transaction alert: $20 spent at Coffee Shop.', '2023-10-24 15:55:00'),
('Account statement available for download.', '2023-11-01 17:10:00'),
('New message from the administrator.', '2023-12-06 20:05:00'),
('Card transaction alert: $75 spent at Clothing Store.', '2024-01-11 22:30:00'),
('Account balance updated.', '2024-02-16 08:45:00'),
('Loan payment received.', '2024-03-23 10:15:00'),
('Card transaction alert: $200 spent at Restaurant.', '2024-04-27 12:40:00'),
('Upcoming credit card payment reminder.', '2024-05-02 14:55:00'),
('Savings goal achieved!', '2024-06-07 17:25:00'),
('Card transaction alert: $120 spent at Bookstore.', '2024-07-12 19:50:00'),
('New message from the administrator.', '2024-08-17 22:10:00'),
('Card transaction alert: $30 spent at Gas Station.', '2024-09-22 09:30:00'),
('Account balance updated.', '2024-10-27 11:45:00'),
('Loan payment received.', '2024-11-01 14:05:00'),
('Card transaction alert: $80 spent at Movie Theater.', '2024-12-06 16:30:00'),
('Upcoming loan payment reminder.', '2025-01-10 18:55:00'),
('Card transaction alert: $150 spent at Home Improvement Store.', '2025-02-15 21:20:00'),
('Savings goal achieved!', '2025-03-22 23:40:00'),
('New message from the administrator.', '2025-04-27 09:00:00'),
('Card transaction alert: $25 spent at Pharmacy.', '2025-05-02 11:15:00'),
('Account statement available for download.', '2025-06-06 13:35:00'),
('Card transaction alert: $50 spent at Pet Store.', '2025-07-11 15:55:00'),
('Upcoming credit card payment reminder.', '2025-08-16 18:20:00'),
('Savings goal achieved!', '2025-09-21 20:40:00'),
('Card transaction alert: $100 spent at Department Store.', '2025-10-26 23:05:00'),
('New message from the administrator.', '2025-11-30 09:25:00'),
('Card transaction alert: $35 spent at Fast Food Restaurant.', '2026-01-04 11:50:00'),
('Account balance updated.', '2026-02-08 14:15:00'),
('Loan payment received.', '2026-03-15 16:40:00'),
('Card transaction alert: $90 spent at Travel Agency.', '2026-04-20 19:05:00'),
('Upcoming loan payment reminder.', '2026-05-25 21:30:00'),
('Savings goal achieved!', '2026-06-29 23:50:00'),
('Card transaction alert: $130 spent at Sporting Goods Store.', '2026-08-03 09:10:00'),
('New message from the administrator.', '2026-09-07 11:30:00'),
('Card transaction alert: $40 spent at Car Wash.', '2026-10-12 13:55:00'),
('Account statement available for download.', '2026-11-16 16:20:00'),
('Card transaction alert: $75 spent at Concert Tickets.', '2026-12-21 18:40:00'),
('Upcoming credit card payment reminder.', '2027-01-25 21:05:00'),
('Savings goal achieved!', '2027-02-28 23:25:00'),
('Card transaction alert: $110 spent at Art Gallery.', '2027-04-05 09:45:00'),
('New message from the administrator.', '2027-05-10 12:10:00');

INSERT INTO `Transaction` (Customer_ID, Account_Number, Amount, Transaction_Type, Created_At) VALUES
(1, 50, 100.50, 'Deposit', '2023-12-01 08:30:00'),
(2, 49, 500.75, 'Withdrawal', '2023-12-01 09:45:00' ),
(3, 48, 1000.00, 'Transfer', '2023-12-01 10:15:00'),
(4, 47, 75.25, 'Withdrawal', '2023-12-01 09:45:00'),
(5, 46, 1200.50, 'Deposit', '2023-12-01 11:30:00'),
(6, 45, 150.75, 'Transfer', '2023-12-01 12:45:00'),
(7, 44, 2000.00, 'Withdrawal', '2023-12-01 08:30:00'),
(8, 43, 300.25, 'Deposit', '2023-12-01 13:15:00'),
(9, 42, 600.50, 'Transfer', '2023-12-01 14:30:00'),
(10, 41, 1100.75, 'Withdrawal', '2023-12-01 16:15:00'),
(11, 40, 750.00, 'Deposit', '2023-12-01 17:30:00'),
(12, 39, 1300.25, 'Transfer', '2023-12-01 10:15:00'),
(13, 38, 1600.50, 'Withdrawal', '2023-12-02 02:30:00'),
(14, 37, 220.75, 'Deposit', '2023-12-01 09:45:00'),
(15, 36, 350.00, 'Transfer', '2023-12-01 08:30:00'),
(16, 35, 550.25, 'Withdrawal', '2023-12-02 02:30:00'),
(17, 34, 1050.50, 'Deposit', '2023-12-02 02:30:00'),
(18, 33, 780.75, 'Transfer', '2023-12-01 11:30:00'),
(19, 32, 1250.00, 'Withdrawal', '2023-12-01 08:30:00'),
(20, 31, 1550.25, 'Deposit', '2023-12-02 01:15:00'),
(21, 30, 198.50, 'Transfer', '2023-12-01 13:15:00'),
(22, 29, 320.75, 'Withdrawal', '2023-12-01 10:15:00'),
(23, 28, 580.00, 'Deposit', '2023-12-02 01:15:00'),
(24, 27, 1120.25, 'Transfer', '2023-12-02 02:30:00'),
(25, 26, 760.50, 'Withdrawal', '2023-12-01 11:30:00'),
(26, 25, 1280.75, 'Deposit', '2023-12-01 08:30:00'),
(27, 24, 1650.00, 'Transfer', '2023-12-02 03:45:00'),
(28, 23, 210.25, 'Withdrawal', '2023-12-01 15:45:00'),
(29, 22, 340.50, 'Deposit', '2023-12-01 17:30:00'),
(30, 21, 610.75, 'Transfer', '2023-12-01 08:30:00'),
(31, 20, 1080.00, 'Withdrawal',  '2023-12-02 03:45:00'),
(32, 19, 800.25, 'Deposit',  '2023-12-01 21:45:00'),
(33, 18, 1320.50, 'Transfer', '2023-12-01 23:30:00'),
(34, 17, 1700.75, 'Withdrawal', '2023-12-01 23:30:00'),
(35, 16, 225.00, 'Deposit', '2023-12-01 12:45:00'),
(36, 15, 370.25, 'Transfer', '2023-12-01 09:45:00'),
(37, 14, 630.50, 'Withdrawal', '2023-12-01 08:30:00'),
(38, 13, 1150.75, 'Deposit', '2023-12-01 13:15:00'),
(39, 12, 820.00, 'Transfer', '2023-12-01 10:15:00'),
(40, 11, 1380.25, 'Withdrawal', '2023-12-01 13:15:00'),
(41, 10, 1750.50, 'Deposit',  '2023-12-01 21:45:00'),
(42, 9, 240.75, 'Transfer', '2023-12-01 23:30:00'),
(43, 8, 390.00, 'Withdrawal', '2023-12-01 23:30:00'),
(44, 7, 660.25, 'Deposit', '2023-12-02 02:30:00'),
(45, 6, 1200.50, 'Transfer', '2023-12-01 11:30:00'),
(46, 5, 850.75, 'Withdrawal', '2023-12-02 01:15:00'),
(47, 4, 1440.00, 'Deposit',  '2023-12-01 21:45:00'),
(48, 3, 1800.25, 'Transfer', '2023-12-01 14:30:00'),
(49, 2, 255.50, 'Withdrawal', '2023-12-01 12:45:00'),
(50, 1, 410.75, 'Deposit', '2023-12-01 09:45:00'),
(51, 50, 100.50, 'Deposit', '2023-12-01 08:30:00'),
(52, 49, 500.75, 'Withdrawal', '2023-12-01 09:45:00' ),
(53, 48, 1000.00, 'Transfer', '2023-12-01 10:15:00'),
(54, 47, 75.25, 'Withdrawal', '2023-12-01 09:45:00'),
(55, 46, 1200.50, 'Deposit', '2023-12-01 11:30:00'),
(56, 45, 150.75, 'Transfer', '2023-12-01 12:45:00'),
(57, 44, 2000.00, 'Withdrawal', '2023-12-01 08:30:00'),
(58, 43, 300.25, 'Deposit', '2023-12-01 13:15:00'),
(59, 42, 600.50, 'Transfer', '2023-12-01 14:30:00'),
(60, 41, 1100.75, 'Withdrawal', '2023-12-01 16:15:00'),
(61, 40, 750.00, 'Deposit', '2023-12-01 17:30:00'),
(62, 39, 1300.25, 'Transfer', '2023-12-01 10:15:00'),
(63, 38, 1600.50, 'Withdrawal', '2023-12-02 02:30:00'),
(64, 37, 220.75, 'Deposit', '2023-12-01 09:45:00'),
(65, 36, 350.00, 'Transfer', '2023-12-01 08:30:00'),
(66, 35, 550.25, 'Withdrawal', '2023-12-02 02:30:00'),
(67, 34, 1050.50, 'Deposit', '2023-12-02 02:30:00'),
(68, 33, 780.75, 'Transfer', '2023-12-01 11:30:00'),
(69, 32, 1250.00, 'Withdrawal', '2023-12-01 08:30:00'),
(70, 31, 1550.25, 'Deposit', '2023-12-02 01:15:00'),
(71, 30, 198.50, 'Transfer', '2023-12-01 13:15:00'),
(72, 29, 320.75, 'Withdrawal', '2023-12-01 10:15:00'),
(73, 28, 580.00, 'Deposit', '2023-12-02 01:15:00'),
(74, 27, 1120.25, 'Transfer', '2023-12-02 02:30:00'),
(75, 26, 760.50, 'Withdrawal', '2023-12-01 11:30:00'),
(76, 25, 1280.75, 'Deposit', '2023-12-01 08:30:00'),
(77, 24, 1650.00, 'Transfer', '2023-12-02 03:45:00'),
(78, 23, 210.25, 'Withdrawal', '2023-12-01 15:45:00'),
(79, 22, 340.50, 'Deposit', '2023-12-01 17:30:00'),
(80, 21, 610.75, 'Transfer', '2023-12-01 08:30:00'),
(81, 20, 1080.00, 'Withdrawal',  '2023-12-02 03:45:00'),
(82, 19, 800.25, 'Deposit',  '2023-12-01 21:45:00'),
(83, 18, 1320.50, 'Transfer', '2023-12-01 23:30:00'),
(84, 17, 1700.75, 'Withdrawal', '2023-12-01 23:30:00'),
(85, 16, 225.00, 'Deposit', '2023-12-01 12:45:00'),
(86, 15, 370.25, 'Transfer', '2023-12-01 09:45:00'),
(87, 14, 630.50, 'Withdrawal', '2023-12-01 08:30:00'),
(88, 13, 1150.75, 'Deposit', '2023-12-01 13:15:00'),
(89, 12, 820.00, 'Transfer', '2023-12-01 10:15:00'),
(90, 11, 1380.25, 'Withdrawal', '2023-12-01 13:15:00'),
(91, 10, 1750.50, 'Deposit',  '2023-12-01 21:45:00'),
(92, 9, 240.75, 'Transfer', '2023-12-01 23:30:00'),
(93, 8, 390.00, 'Withdrawal', '2023-12-01 23:30:00'),
(94, 7, 660.25, 'Deposit', '2023-12-02 02:30:00'),
(95, 6, 1200.50, 'Transfer', '2023-12-01 11:30:00'),
(96, 5, 850.75, 'Withdrawal', '2023-12-02 01:15:00'),
(97, 4, 1440.00, 'Deposit',  '2023-12-01 21:45:00'),
(98, 3, 1800.25, 'Transfer', '2023-12-01 14:30:00'),
(99, 2, 255.50, 'Withdrawal', '2023-12-01 12:45:00'),
(100, 1, 410.75, 'Deposit', '2023-12-01 09:45:00');

INSERT INTO CustomersNotifications (Customer_ID, Notification_ID) VALUES
(1, 1),
(2, 2),
(3, 3),
(4, 4),
(5, 5),
(6, 6),
(7, 7),
(8, 8),
(9, 9),
(10, 10),
(11, 11),
(12, 12),
(13, 13),
(14, 14),
(15, 15),
(16, 16),
(17, 17),
(18, 18),
(19, 19),
(20, 20),
(21, 21),
(22, 22),
(23, 23),
(24, 24),
(25, 25),
(26, 26),
(27, 27),
(28, 28),
(29, 29),
(30, 30),
(31, 31),
(32, 32),
(33, 33),
(34, 34),
(35, 35),
(36, 36),
(37, 37),
(38, 38),
(39, 39),
(40, 40),
(41, 41),
(42, 42),
(43, 43),
(44, 44),
(45, 45),
(46, 46),
(47, 47),
(48, 48),
(49, 49),
(50, 50)
(51, 51),
(52, 52),
(53, 53),
(54, 54),
(55, 55),
(56, 56),
(57, 57),
(58, 58),
(59, 59),
(60, 60),
(61, 61),
(62, 62),
(63, 63),
(64, 64),
(65, 65),
(66, 66),
(67, 67),
(68, 68),
(69, 69),
(70, 70),
(71, 71),
(72, 72),
(73, 73),
(74, 74),
(75, 75),
(76, 76),
(77, 77),
(78, 78),
(79, 79),
(80, 80),
(81, 81),
(82, 82),
(83, 83),
(84, 84),
(85, 85),
(86, 86),
(87, 87),
(88, 88),
(89, 89),
(90, 90),
(91, 91),
(92, 92),
(93, 93),
(94, 94),
(95, 95),
(96, 96),
(97, 97),
(98, 98),
(99, 99),
(100, 100);

